,,,,,,,,,,,,,,,,,,,,,,,,,,,,,,,,,,,,,,,,,,,,
,"Title: Referral to Treatment (RTT) Waiting Times, England",,,,,,,,,,,,,,,,,,,,,,,,,,,,,,,,,,,,,,,,,,,
,,,,,,,,,,,,,,,,,,,,,,,,,,,,,,,,,,,,,,,,,,,,
,Period: April 2007 to September 2025,,,,,,,,,,,,,,,,,,,,,,,,,,,,,,,,,,,,,,,,,,,
,"Main Source: NHS England, monthly RTT data collection",,,,,,,,,,,,,,,,,,,,,,,,,,,,,,,,,,,,,,,,,,,
,Unique Patient Source: Waiting List Minimum Dataset,,,,,,,,,,,,,,,,,,,,,,,,,,,,,,,,,,,,,,,,,,,
,Basis: Commissioner,,,,,,,,,,,,,,,,,,,,,,,,,,,,,,,,,,,,,,,,,,,
,Contact: england.rtt@nhs.net,,,,,,,,,,,,,,,,,,,,,,,,,,,,,,,,,,,,,,,,,,,
,Revised: ,-,,,,,,,,,,,,,,,,,,,,,,,,,,,,,,,,,,,,,,,,,,
,,,,,,,,,,,,,,,,,,,,,,,,,,,,,,,,,,,,,,,,,,,,
,Year,Month,Incomplete RTT pathways,,,,,,,,,,,,,,,,,,,,"Unique Patients
",,Completed admitted (unadjusted) RTT pathways,,,,,,Completed non-admitted RTT pathways,,,,,,New RTT periods,,,Completed admitted (adjusted) RTT pathways,,,,
,,,Median wait (weeks),92nd percentile (weeks),No. within 18 weeks,No. within 18 weeks with estimates for missing data,% within 18 weeks,% within 18 weeks with estimates for missing data,No. > 18 weeks,No. > 18 weeks with estimates for missing data,No. > 52 weeks,No. > 52 weeks with estimates for missing data,% > 52 weeks,% > 52 weeks with estimates for missing data,No. > 65 weeks,No. > 65 weeks with estimates for missing data,No. > 78 weeks,No. > 78 weeks with estimates for missing data,No. > 104 weeks,No. > 104 weeks with estimates for missing data,Total waiting (mil),Total waiting (mil) with estimates for missing data,Ratio of total unique patients to total waiting (i.e. incomplete RTT pathways) ,Estimated number of unique patients (mil),Median wait (weeks),95th percentile (weeks),No. within 18 weeks,No. > 52 weeks,No. of pathways (all),No. of pathways (all) with estimates for missing data,Median wait (weeks),95th percentile (weeks),No. within 18 weeks,No. > 52 weeks,No. of pathways (all),No. of pathways (all) with estimates for missing data,No. of new RTT periods,No. of new RTT periods with estimates for missing data,,Median wait (weeks),95th percentile (weeks),No. within 18 weeks,No. > 52 weeks,No. of pathways (all)
,2007/08,Apr-07,-,-,-,-,-,-,-,-,-,-,-,-,-,-,-,-,-,-,-,-,-,-,17.5,52+,"94,658","21,169","246,013","246,013",-,-,-,-,-,-,-,-,,-,-,-,-,-
,,May-07,-,-,-,-,-,-,-,-,-,-,-,-,-,-,-,-,-,-,-,-,-,-,16.7,52+,"114,950","24,605","277,540","277,540",-,-,-,-,-,-,-,-,,-,-,-,-,-
,,Jun-07,-,-,-,-,-,-,-,-,-,-,-,-,-,-,-,-,-,-,-,-,-,-,16.4,52+,"121,336","25,240","285,744","285,744",-,-,-,-,-,-,-,-,,-,-,-,-,-
,,Jul-07,-,-,-,-,-,-,-,-,-,-,-,-,-,-,-,-,-,-,-,-,-,-,16.4,52+,"123,853","24,672","297,504","297,504",-,-,-,-,-,-,-,-,,-,-,-,-,-
,,Aug-07,14.3,52+,"2,395,656","2,395,656",57.2%,57.2%,"1,791,318","1,791,318","578,682","578,682",13.8%,13.8%,-,-,-,-,-,-,4.19,4.19,-,-,15.6,52+,"125,334","22,188","284,512","284,512",7.4,52+,"605,162","68,141","835,346","848,813",-,-,,-,-,-,-,-
,,Sep-07,13.4,52+,"2,364,349","2,364,349",59.1%,59.1%,"1,633,202","1,633,202","401,725","401,725",10.0%,10.0%,-,-,-,-,-,-,4.00,4.00,-,-,15.3,52+,"128,145","19,441","279,421","279,421",7.5,52+,"607,611","70,059","845,046","847,530",-,-,,-,-,-,-,-
,,Oct-07,13.2,52+,"2,337,604","2,337,604",59.3%,59.3%,"1,602,217","1,602,217","387,161","387,161",9.8%,9.8%,-,-,-,-,-,-,3.94,3.94,-,-,14.6,52+,"159,995","21,086","319,388","319,388",6.7,52+,"668,449","68,015","910,514","910,514",-,-,,-,-,-,-,-
,,Nov-07,13.3,52+,"2,269,968","2,269,968",57.9%,57.9%,"1,651,994","1,651,994","415,215","415,215",10.6%,10.6%,-,-,-,-,-,-,3.92,3.92,-,-,13.4,52+,"168,956","18,096","313,200","313,200",6.2,52+,"684,129","68,021","920,948","920,948",-,-,,-,-,-,-,-
,,Dec-07,14.3,52+,"2,173,205","2,180,207",56.4%,56.5%,"1,680,631","1,681,130","434,180","434,188",11.3%,11.2%,-,-,-,-,-,-,3.85,3.86,-,-,11.4,52+,"151,774","12,831","246,718","246,718",5.5,52+,"568,088","46,800","740,311","740,311",-,-,,-,-,-,-,-
,,Jan-08,12.3,52+,"2,151,167","2,151,167",61.3%,61.3%,"1,359,270","1,359,270","306,034","306,034",8.7%,8.7%,-,-,-,-,-,-,3.51,3.51,-,-,12.2,52+,"194,851","16,013","300,782","300,782",5.9,51.7,"729,751","43,893","908,522","908,522",-,-,,-,-,-,-,-
,,Feb-08,10.5,52+,"2,024,628","2,024,628",65.0%,65.0%,"1,091,445","1,091,445","253,955","253,955",8.1%,8.1%,-,-,-,-,-,-,3.12,3.12,-,-,10.8,42.8,"215,832","9,884","298,749","298,749",4.5,39.7,"707,658","24,688","832,631","832,631",-,-,,-,-,-,-,-
,,Mar-08,9.8,51.6,"2,017,806","2,017,806",66.0%,66.0%,"1,038,904","1,038,904","240,689","240,689",7.9%,7.9%,-,-,-,-,-,-,3.06,3.06,-,-,8.2,28.6,"239,803","3,554","282,040","282,040",3.9,21.8,"673,800","7,710","725,954","725,954",-,-,,8.1,27.3,"242,581","3,305","281,029"
,2008/09,Apr-08,9.0,51.1,"2,041,274","2,041,274",69.4%,69.4%,"898,996","898,996","225,860","225,860",7.7%,7.7%,-,-,-,-,-,-,2.94,2.94,-,-,8.6,29.9,"256,136","4,646","306,294","306,294",4.2,22.7,"776,261","10,295","842,395","842,395",-,-,,8.3,28.1,"261,041","4,085","305,434"
,,May-08,8.1,47.4,"2,103,566","2,103,566",73.2%,73.2%,"768,383","768,383","187,394","187,394",6.5%,6.5%,-,-,-,-,-,-,2.87,2.87,-,-,8.4,29.2,"240,130","3,954","278,940","278,940",4.1,21.8,"702,230","9,230","756,306","756,306",-,-,,8.2,27.6,"243,353","3,577","278,139"
,,Jun-08,7.4,41.4,"2,126,177","2,126,177",77.5%,77.5%,"617,159","617,159","149,029","149,029",5.4%,5.4%,-,-,-,-,-,-,2.74,2.74,-,-,8.4,27.4,"254,235","3,535","295,120","295,120",4.3,19.2,"755,802","7,282","806,273","806,273",-,-,,8.1,25.6,"258,225","3,115","293,957"
,,Jul-08,6.9,35.2,"2,142,703","2,151,245",81.1%,81.2%,"498,941","499,466","118,801","118,872",4.5%,4.5%,-,-,-,-,-,-,2.64,2.65,-,-,8.2,24.9,"273,129","2,961","313,847","313,847",4.2,17.9,"801,170","6,213","846,561","846,561",-,-,,7.9,23.3,"278,414","2,414","313,077"
,,Aug-08,7.3,37.3,"2,155,168","2,155,168",80.5%,80.5%,"520,564","520,564","140,727","140,727",5.3%,5.3%,-,-,-,-,-,-,2.68,2.68,-,-,8.3,24.7,"231,697","2,316","265,265","265,265",4.3,17.6,"677,282","4,464","713,155","713,155",-,-,,8.0,22.9,"235,701","1,768","263,774"
,,Sep-08,6.8,35.8,"2,162,608","2,162,608",82.1%,82.1%,"470,983","470,983","144,213","144,213",5.5%,5.5%,-,-,-,-,-,-,2.63,2.63,-,-,8.7,24.4,"263,845","2,241","303,487","303,487",4.4,17.3,"800,264","4,302","838,888","838,888",-,-,,8.3,22.4,"269,930","1,638","301,666"
,,Oct-08,6.2,27.7,"2,104,538","2,104,538",85.0%,85.0%,"370,308","370,308","83,601","83,601",3.4%,3.4%,-,-,-,-,-,-,2.47,2.47,-,-,8.6,24.3,"279,915","2,335","322,525","322,525",4.1,16.7,"835,159","3,018","880,814","880,814",-,-,,8.2,22.3,"285,652","1,822","319,584"
,,Nov-08,6.3,26.6,"2,082,990","2,082,990",85.6%,85.6%,"349,768","349,768","93,080","93,080",3.8%,3.8%,-,-,-,-,-,-,2.43,2.43,-,-,8.4,23.9,"259,467","1,389","295,829","295,829",4.2,16.6,"776,425","2,524","807,238","807,238",-,-,,8.1,21.9,"267,004","1,000","296,019"
,,Dec-08,6.9,27.2,"1,998,655","1,998,655",85.2%,85.2%,"347,077","347,077","79,418","79,418",3.4%,3.4%,-,-,-,-,-,-,2.35,2.35,-,-,7.9,22.3,"241,372","1,021","267,405","267,405",4.1,15.7,"749,536","1,810","774,454","774,454",-,-,,7.6,20.3,"247,734",752,"267,739"
,,Jan-09,6.7,27.1,"1,969,144","1,993,805",85.5%,85.1%,"334,161","348,634","82,232","83,640",3.6%,3.6%,-,-,-,-,-,-,2.30,2.34,-,-,9.1,22.9,"263,102",872,"294,870","296,415",4.6,15.9,"811,077","1,554","834,979","842,649",-,-,,8.6,20.0,"273,184",634,"294,762"
,,Feb-09,5.7,23.5,"2,013,965","2,038,626",87.2%,86.8%,"296,357","310,830","50,678","52,086",2.2%,2.2%,-,-,-,-,-,-,2.31,2.35,-,-,9.1,22.4,"252,358",685,"282,089","283,560",3.7,15.8,"739,427","1,412","761,434","768,739",-,-,,8.7,20.1,"261,111",449,"282,076"
,,Mar-09,5.6,23.3,"2,067,346","2,092,007",87.6%,87.2%,"293,107","307,580","47,013","48,421",2.0%,2.0%,-,-,-,-,-,-,2.36,2.40,-,-,8.0,22.2,"291,740",832,"323,842","325,461",3.8,15.7,"873,636","1,715","899,042","907,077",-,-,,7.7,20.0,"300,703",565,"323,987"
,2009/10,Apr-09,5.7,21.2,"2,167,437","2,192,098",89.6%,89.2%,"250,509","264,982","31,800","33,208",1.3%,1.4%,-,-,-,-,-,-,2.42,2.46,-,-,8.0,22.2,"259,088",615,"287,375","288,846",4.2,14.9,"824,755","1,564","847,747","855,052",-,-,,7.7,19.8,"267,357",447,"287,439"
,,May-09,5.7,20.5,"2,194,642","2,219,303",89.8%,89.3%,"250,259","264,732","31,065","32,473",1.3%,1.3%,-,-,-,-,-,-,2.44,2.48,-,-,8.4,22.1,"257,004",632,"281,676","283,074",4.3,14.9,"793,540","1,199","812,856","819,796",-,-,,8.1,19.6,"263,030",485,"281,378"
,,Jun-09,5.6,19.7,"2,246,375","2,271,036",90.5%,90.1%,"236,316","250,789","31,628","33,036",1.3%,1.3%,-,-,-,-,-,-,2.48,2.52,-,-,8.4,21.4,"291,475",711,"321,001","322,620",4.4,15.1,"936,590","1,449","959,317","967,352",-,-,,8.0,19.3,"299,763",546,"320,828"
,,Jul-09,5.8,19.8,"2,241,908","2,266,569",90.3%,89.9%,"239,658","254,131","32,563","33,971",1.3%,1.3%,-,-,-,-,-,-,2.48,2.52,-,-,8.2,21.7,"293,404",810,"324,780","324,780",4.4,16.2,"928,721","1,295","951,430","951,430",-,-,,7.8,19.3,"303,148",605,"324,764"
,,Aug-09,6.1,20.0,"2,218,857","2,243,518",90.2%,89.8%,"241,092","255,565","31,608","33,016",1.3%,1.3%,-,-,-,-,-,-,2.46,2.50,-,-,8.2,21.9,"253,564",610,"281,442","281,442",4.5,15.5,"785,914","1,308","804,998","804,998",-,-,,7.9,19.4,"262,624",470,"281,385"
,,Sep-09,5.9,20.0,"2,191,974","2,216,635",90.3%,89.8%,"236,718","251,191","31,756","33,164",1.3%,1.3%,-,-,-,-,-,-,2.43,2.47,-,-,8.7,22.5,"285,170",755,"319,766","319,766",4.7,15.5,"913,825","1,911","937,399","937,399",-,-,,8.3,19.6,"297,343",457,"319,467"
,,Oct-09,5.7,19.6,"2,147,615","2,193,339",90.4%,89.9%,"228,745","245,660","23,388","25,017",1.0%,1.0%,-,-,-,-,-,-,2.38,2.44,-,-,8.6,22.7,"287,229",769,"322,175","322,175",4.3,15.5,"893,394","1,369","915,429","915,429",-,-,,8.1,20.0,"299,077",465,"322,070"
,,Nov-09,5.7,19.6,"2,114,966","2,137,022",90.5%,90.1%,"222,609","233,974","21,619","21,667",0.9%,0.9%,-,-,-,-,-,-,2.34,2.37,-,-,8.2,22.6,"283,951",614,"318,166","318,166",4.3,15.3,"887,612","1,204","908,889","908,889",-,-,,7.9,20.2,"294,662",411,"318,162"
,,Dec-09,6.5,20.0,"2,128,078","2,128,078",90.0%,90.0%,"237,238","237,238","20,792","20,792",0.9%,0.9%,-,-,-,-,-,-,2.37,2.37,-,-,8.0,22.2,"252,617",473,"279,701","279,701",4.2,14.9,"792,428",939,"810,203","810,203",-,-,,7.7,19.8,"260,308",280,"279,466"
,,Jan-10,6.5,20.3,"2,075,443","2,075,443",89.6%,89.6%,"239,617","239,617","20,737","20,737",0.9%,0.9%,-,-,-,-,-,-,2.32,2.32,-,-,9.2,23.2,"251,972",566,"285,034","285,034",4.9,15.5,"794,900",882,"813,679","813,679",-,-,,8.7,20.3,"263,501",315,"284,896"
,,Feb-10,5.3,19.7,"2,109,462","2,109,991",90.3%,90.3%,"227,636","227,656","18,681","18,681",0.8%,0.8%,-,-,-,-,-,-,2.34,2.34,-,-,9.5,23.5,"263,698",657,"300,250","300,250",3.8,15.5,"827,198",782,"846,361","846,361",-,-,,9.1,20.9,"275,335",328,"299,991"
,,Mar-10,5.2,18.9,"2,205,542","2,205,542",91.1%,91.1%,"214,983","214,983","18,494","18,494",0.8%,0.8%,-,-,-,-,-,-,2.42,2.42,-,-,8.3,23.4,"311,428",645,"351,565","351,565",3.8,15.4,"957,320","1,091","979,206","979,206",-,-,,8.0,21.2,"322,462",342,"350,951"
,2010/11,Apr-10,5.6,19.0,"2,290,852","2,314,835",91.3%,91.3%,"217,643","220,050","21,098","21,109",0.8%,0.8%,-,-,-,-,-,-,2.51,2.53,-,-,8.3,23.7,"256,415",468,"290,216","290,216",4.3,14.4,"822,721",921,"840,585","847,180",-,-,,8.0,21.3,"265,895",317,"289,154"
,,May-10,5.5,18.1,"2,364,484","2,391,940",91.9%,91.9%,"209,411","211,994","18,458","18,492",0.7%,0.7%,-,-,-,-,-,-,2.57,2.60,-,-,8.7,23.6,"263,013",483,"291,845","291,845",4.3,14.6,"842,612","1,039","858,750","858,750",-,-,,8.4,21.2,"270,648",349,"291,664"
,,Jun-10,5.7,18.6,"2,347,510","2,412,353",91.4%,91.4%,"221,588","226,375","18,221","18,342",0.7%,0.7%,-,-,-,-,-,-,2.57,2.64,-,-,8.6,22.3,"291,012",590,"323,619","323,619",4.4,14.9,"942,117",877,"960,022","960,022",-,-,,8.3,20.0,"300,549",430,"323,413"
,,Jul-10,5.8,19.2,"2,413,409","2,440,865",90.8%,90.9%,"243,205","245,788","19,585","19,619",0.7%,0.7%,-,-,-,-,-,-,2.66,2.69,-,-,8.7,22.4,"280,785",671,"313,814","313,814",4.3,14.9,"921,418",849,"940,109","940,109",-,-,,8.3,19.8,"292,098",327,"313,720"
,,Aug-10,6.2,19.9,"2,391,511","2,418,967",90.1%,90.1%,"263,389","265,972","20,855","20,889",0.8%,0.8%,-,-,-,-,-,-,2.65,2.68,-,-,8.6,22.6,"257,921",513,"288,308","288,308",4.4,15.0,"856,885",787,"874,747","874,747",-,-,,8.3,20.0,"268,267",286,"288,244"
,,Sep-10,6.0,19.6,"2,341,244","2,368,700",90.4%,90.4%,"249,726","252,309","13,442","13,476",0.5%,0.5%,-,-,-,-,-,-,2.59,2.62,-,-,9.1,23.3,"275,387",550,"312,812","312,812",4.7,15.5,"927,108",720,"948,233","948,233",-,-,,8.7,20.4,"289,261",303,"313,230"
,,Oct-10,5.9,19.8,"2,320,939","2,344,922",90.2%,90.3%,"250,880","253,287","14,254","14,265",0.6%,0.5%,-,-,-,-,-,-,2.57,2.60,-,-,9.1,23.4,"268,162",609,"304,159","305,751",4.3,15.6,"862,251","1,090","883,326","888,651",-,-,,8.7,20.7,"280,995",315,"304,634"
,,Nov-10,5.9,20.1,"2,274,528","2,298,511",90.0%,90.0%,"252,264","254,671","13,568","13,579",0.5%,0.5%,-,-,-,-,-,-,2.53,2.55,-,-,8.6,23.5,"286,524",575,"325,459","327,127",4.2,15.7,"919,934",996,"943,770","949,349",-,-,,8.3,20.9,"298,302",321,"324,941"
,,Dec-10,6.9,21.5,"2,135,754","2,176,569",88.6%,88.6%,"275,539","279,553","14,671","14,748",0.6%,0.6%,-,-,-,-,-,-,2.41,2.46,-,-,8.2,23.1,"227,192",428,"255,633","257,225",4.1,15.3,"728,293",860,"746,941","752,266",-,-,,7.9,20.9,"234,891",258,"255,359"
,,Jan-11,6.5,21.6,"2,093,487","2,134,302",88.3%,88.4%,"276,098","280,112","14,222","14,299",0.6%,0.6%,-,-,-,-,-,-,2.37,2.41,-,-,9.5,24.9,"245,258",512,"285,161","285,161",4.8,16.1,"827,029",858,"850,814","850,814",-,-,,9.1,22.4,"257,738",334,"284,860"
,,Feb-11,5.5,21.3,"2,164,846","2,183,823",88.7%,88.7%,"276,889","278,106","14,880","14,884",0.6%,0.6%,-,-,-,-,-,-,2.44,2.46,-,-,9.5,25.2,"248,434",701,"289,984","289,984",3.5,16.1,"798,020","1,089","821,572","821,572",-,-,,9.0,22.8,"260,238",423,"290,316"
,,Mar-11,5.5,20.7,"2,196,360","2,215,337",89.4%,89.5%,"259,064","260,281","14,355","14,359",0.6%,0.6%,-,-,-,-,-,-,2.46,2.48,-,-,8.2,25.3,"291,228",808,"338,297","338,297",3.7,15.8,"925,657","1,105","952,293","952,293",-,-,,7.9,23.4,"303,043",497,"338,620"
,2011/12,Apr-11,6.0,19.9,"2,237,539","2,265,770",90.5%,90.3%,"236,141","244,220","13,434","14,970",0.5%,0.6%,-,-,-,-,-,-,2.47,2.51,-,-,7.9,25.2,"229,022",634,"263,604","263,604",3.7,14.7,"727,165",881,"746,527","746,527",-,-,,7.7,22.9,"238,025",408,"263,856"
,,May-11,6.1,18.8,"2,318,419","2,346,650",91.1%,90.9%,"225,743","233,822","12,536","14,072",0.5%,0.5%,-,-,-,-,-,-,2.54,2.58,-,-,8.7,25.8,"261,825",811,"298,551","298,551",4.5,15.2,"854,969","1,188","875,922","875,922",-,-,,8.4,23.7,"270,375",536,"298,605"
,,Jun-11,5.6,18.8,"2,324,293","2,343,270",91.1%,91.1%,"226,427","227,644","13,257","13,261",0.5%,0.5%,-,-,-,-,-,-,2.55,2.57,-,-,9.0,25.6,"279,566","1,039","322,060","322,060",4.1,15.6,"913,606","1,129","937,234","937,234",-,-,,8.7,23.1,"289,621",718,"321,769"
,,Jul-11,5.8,19.5,"2,364,495","2,364,495",90.5%,90.5%,"247,411","247,411","19,937","19,937",0.8%,0.8%,-,-,-,-,-,-,2.61,2.61,-,-,8.5,24.6,"261,519",874,"301,063","301,063",3.9,15.8,"830,654","1,155","853,392","853,392",-,-,,8.2,22.5,"273,206",601,"302,142"
,,Aug-11,6.2,19.7,"2,369,340","2,369,340",90.6%,90.6%,"245,658","245,658","19,938","19,938",0.8%,0.8%,-,-,-,-,-,-,2.61,2.61,-,-,8.5,25.0,"259,814","1,031","300,371","300,371",4.1,15.7,"852,011","1,044","876,453","876,453",-,-,,8.1,22.6,"271,774",759,"301,190"
,,Sep-11,6.0,19.3,"2,353,826","2,353,826",90.6%,90.6%,"243,562","243,562","20,097","20,097",0.8%,0.8%,-,-,-,-,-,-,2.60,2.60,-,-,9.2,25.4,"269,559","1,094","311,714","311,714",4.5,16.0,"883,768","1,132","909,628","909,628",-,-,,8.8,22.8,"282,039",770,"311,536"
,,Oct-11,5.7,19.0,"2,333,475","2,333,475",90.9%,90.9%,"234,030","234,030","11,132","11,132",0.4%,0.4%,-,-,-,-,-,-,2.57,2.57,-,-,8.8,25.0,"265,918",956,"305,256","305,256",3.9,16.1,"858,427","1,064","884,190","884,190",-,-,,8.4,22.0,"278,253",657,"305,722"
,,Nov-11,5.7,18.7,"2,282,411","2,282,411",91.3%,91.3%,"218,290","218,290","7,324","7,324",0.3%,0.3%,-,-,-,-,-,-,2.50,2.50,-,-,8.4,24.5,"285,445",958,"326,562","326,562",4.0,16.1,"913,445","1,184","942,033","942,033",-,-,,8.1,22.1,"296,984",654,"326,551"
,,Dec-11,6.3,18.6,"2,180,122","2,205,853",91.4%,91.3%,"205,025","209,277","6,071","6,315",0.3%,0.3%,-,-,-,-,-,-,2.39,2.42,-,-,8.1,24.1,"237,293",754,"268,726","272,125",3.8,15.7,"745,171",998,"767,118","776,393",-,-,,7.8,21.9,"245,777",548,"269,130"
,,Jan-12,5.9,17.9,"2,174,872","2,200,603",92.2%,92.1%,"183,744","187,996","5,898","6,142",0.3%,0.3%,-,-,-,-,-,-,2.36,2.39,-,-,9.2,24.7,"264,050",861,"302,633","306,202",4.4,16.1,"854,407","1,133","880,567","890,305",-,-,,8.8,22.1,"276,324",580,"303,148"
,,Feb-12,5.2,17.5,"2,205,482","2,231,213",92.6%,92.5%,"175,690","179,942","5,653","5,897",0.2%,0.2%,-,-,-,-,-,-,2.38,2.41,-,-,9.1,24.3,"263,624",860,"300,592","304,161",3.6,16.1,"819,537","1,062","844,432","854,170",-,-,,8.7,21.9,"273,738",560,"300,595"
,,Mar-12,5.2,17.0,"2,252,479","2,278,210",93.3%,93.2%,"161,490","165,742","5,149","5,393",0.2%,0.2%,-,-,-,-,-,-,2.41,2.44,-,-,8.3,24.1,"286,595",727,"325,489","329,228",3.6,15.8,"866,656","1,075","889,882","900,084",-,-,,8.1,22.2,"296,052",598,"325,487"
,2012/13,Apr-12,5.5,16.0,"2,333,158","2,358,889",94.1%,94.0%,"147,506","151,758","4,213","4,457",0.2%,0.2%,-,-,-,-,-,-,2.48,2.51,-,-,8.3,23.8,"238,974",468,"269,646","272,875",4.0,15.0,"766,082",635,"784,789","793,600",-,-,,8.1,21.7,"247,594",373,"269,625"
,,May-12,5.3,16.2,"2,414,369","2,440,100",94.4%,94.3%,"142,329","146,581","3,308","3,552",0.1%,0.1%,-,-,-,-,-,-,2.56,2.59,-,-,8.6,23.7,"290,949",549,"323,566","327,305",4.1,15.2,"926,794",717,"947,285","957,487",-,-,,8.4,21.6,"299,207",434,"323,565"
,,Jun-12,5.7,16.5,"2,481,026","2,488,077",94.1%,94.1%,"154,449","154,835","3,478","3,503",0.1%,0.1%,-,-,-,-,-,-,2.64,2.64,-,-,8.6,23.5,"245,687",563,"276,492","276,492",4.2,15.6,"771,068",556,"789,049","789,049",-,-,,8.4,21.4,"254,260",427,"276,453"
,,Jul-12,5.5,16.4,"2,521,975","2,521,975",94.0%,94.0%,"159,909","159,909","2,959","2,959",0.1%,0.1%,-,-,-,-,-,-,2.68,2.68,-,-,8.7,23.2,"280,476",608,"315,140","315,140",4.1,15.7,"899,714",699,"922,128","922,128",-,-,,8.5,20.8,"291,318",449,"315,106"
,,Aug-12,5.8,16.3,"2,492,105","2,518,718",94.5%,94.0%,"144,409","161,740","2,054","2,352",0.1%,0.1%,-,-,-,-,-,-,2.64,2.68,-,-,8.5,23.2,"266,263",615,"298,613","298,613",4.3,15.7,"852,716",546,"873,924","873,924",-,-,,8.3,20.9,"276,377",479,"298,598"
,,Sep-12,5.8,16.2,"2,492,388","2,519,001",94.4%,93.8%,"148,661","165,992","1,570","1,868",0.1%,0.1%,-,-,-,-,-,-,2.64,2.68,-,-,9.1,24.0,"257,325",614,"292,098","292,098",4.7,16.1,"830,950",508,"853,627","853,627",-,-,,8.8,21.2,"268,994",480,"292,044"
,,Oct-12,5.3,16.2,"2,498,882","2,540,641",94.8%,94.2%,"137,944","156,461","1,281","1,580",0.0%,0.1%,-,-,-,-,-,-,2.64,2.70,-,-,8.8,23.4,"299,903",545,"337,230","337,230",4.2,16.0,"975,317",724,"1,001,586","1,001,586",-,-,,8.6,20.9,"311,964",436,"337,195"
,,Nov-12,5.4,16.0,"2,455,642","2,497,401",94.8%,94.2%,"135,095","153,612","1,147","1,446",0.0%,0.1%,-,-,-,-,-,-,2.59,2.65,-,-,8.5,23.3,"292,817",483,"327,957","327,957",4.2,15.9,"926,132",512,"950,458","950,458",-,-,,8.3,20.8,"303,658",352,"327,945"
,,Dec-12,6.1,16.2,"2,423,808","2,465,567",94.5%,93.9%,"141,318","159,835","1,085","1,384",0.0%,0.1%,-,-,-,-,-,-,2.57,2.63,-,-,8.1,22.6,"233,445",306,"258,194","258,194",4.0,15.5,"737,714",303,"756,066","756,066",-,-,,8.0,20.5,"240,083",233,"258,137"
,,Jan-13,6.0,16.5,"2,393,789","2,435,548",94.3%,93.8%,"143,741","162,258",842,"1,141",0.0%,0.0%,-,-,-,-,-,-,2.54,2.60,-,-,9.4,23.5,"282,410",468,"317,524","317,524",4.8,16.0,"929,383",333,"953,847","953,847",-,-,,9.2,21.0,"293,602",370,"317,545"
,,Feb-13,5.1,16.5,"2,425,992","2,467,751",94.3%,93.7%,"146,001","164,518",663,962,0.0%,0.0%,-,-,-,-,-,-,2.57,2.63,-,-,9.4,23.3,"264,381",340,"297,264","297,264",3.8,16.1,"836,323",306,"858,432","858,432",-,-,,9.2,21.2,"273,729",262,"297,242"
,,Mar-13,5.5,16.6,"2,508,128","2,523,274",94.2%,94.2%,"153,037","154,223",473,474,0.0%,0.0%,-,-,-,-,-,-,2.66,2.68,-,-,8.4,23.4,"263,892",470,"295,886","295,886",3.9,16.0,"834,593",259,"855,801","855,801",-,-,,8.2,21.5,"272,192",382,"295,857"
,2013/14,Apr-13,5.6,15.8,"2,596,934","2,596,934",94.5%,94.5%,"151,874","151,874",391,391,0.0%,0.0%,-,-,-,-,-,-,2.75,2.75,-,-,8.6,23.8,"269,126",341,"304,135","304,135",5.1,16.1,"806,555",217,"830,660","830,660",-,-,,8.5,21.9,"278,641",251,"304,292"
,,May-13,5.6,16.2,"2,699,788","2,699,788",94.8%,94.8%,"147,585","147,585",434,434,0.0%,0.0%,-,-,-,-,-,-,2.85,2.85,-,-,8.8,24.0,"277,255",244,"309,116","309,116",4.8,15.9,"817,245",200,"839,089","839,089",-,-,,8.7,22.4,"284,341",171,"309,032"
,,Jun-13,5.7,16.4,"2,724,755","2,724,755",94.6%,94.6%,"154,449","154,449",295,295,0.0%,0.0%,-,-,-,-,-,-,2.88,2.88,-,-,8.8,23.6,"265,761",262,"298,778","298,778",5.2,16.3,"790,768",253,"812,906","812,906",-,-,,8.7,21.9,"273,719",199,"298,733"
,,Jul-13,5.6,16.1,"2,745,065","2,745,065",94.4%,94.4%,"161,424","161,424",368,368,0.0%,0.0%,-,-,-,-,-,-,2.91,2.91,-,-,8.8,23.2,"295,183",258,"331,637","331,637",5.0,16.3,"883,286",211,"909,447","909,447",-,-,,8.6,21.4,"305,144",171,"331,650"
,,Aug-13,6.2,16.6,"2,767,545","2,767,545",94.2%,94.2%,"169,436","169,436",350,350,0.0%,0.0%,-,-,-,-,-,-,2.94,2.94,-,-,8.8,23.3,"257,260",206,"288,597","288,597",5.2,16.4,"753,366",163,"776,092","776,092",-,-,,8.6,21.4,"265,926",144,"288,589"
,,Sep-13,6.0,16.6,"2,734,352","2,747,304",94.2%,94.1%,"168,964","170,873",387,409,0.0%,0.0%,-,-,-,-,-,-,2.90,2.92,-,-,9.4,24.0,"272,272",268,"310,119","310,869",5.7,16.8,"820,396",165,"848,363","851,181",-,-,,9.1,21.9,"283,640",174,"310,091"
,,Oct-13,5.6,16.7,"2,742,336","2,776,214",94.2%,94.1%,"169,907","175,282",257,461,0.0%,0.0%,-,-,-,-,-,-,2.91,2.95,-,-,9.2,23.8,"296,021",257,"336,217","339,606",5.1,16.9,"900,677",224,"932,104","940,671",-,-,,9.0,21.9,"307,118",178,"336,193"
,,Nov-13,5.7,16.7,"2,705,480","2,739,358",94.0%,93.9%,"173,649","179,024",214,418,0.0%,0.0%,-,-,-,-,-,-,2.88,2.92,-,-,8.9,23.8,"283,626",223,"322,227","325,321",5.1,17.0,"848,502",134,"879,710","887,532",-,-,,8.7,22.1,"293,140",152,"322,197"
,,Dec-13,6.3,17.0,"2,695,700","2,748,295",93.6%,93.5%,"184,456","191,769",316,520,0.0%,0.0%,-,-,-,-,-,-,2.88,2.94,-,-,8.4,23.5,"240,196",165,"269,715","274,711",4.9,16.6,"739,866",66,"764,921","776,602",-,-,,8.3,21.9,"246,617",109,"269,708"
,,Jan-14,6.2,17.1,"2,715,719","2,768,314",93.5%,93.4%,"189,612","196,925",430,634,0.0%,0.0%,-,-,-,-,-,-,2.91,2.97,-,-,9.6,24.9,"286,375",305,"328,754","334,250",5.8,17.1,"885,835",223,"920,033","932,882",-,-,,9.4,23.3,"296,918",237,"328,715"
,,Feb-14,5.4,17.1,"2,719,650","2,810,846",93.4%,93.3%,"191,555","201,407",539,743,0.0%,0.0%,-,-,-,-,-,-,2.91,3.01,-,-,9.7,24.9,"260,945",323,"299,229","307,950",4.7,17.1,"795,478",176,"826,670","839,956",-,-,,9.5,23.4,"270,167",263,"300,837"
,,Mar-14,5.5,16.9,"2,729,396","2,855,762",93.7%,93.6%,"182,046","196,518",488,692,0.0%,0.0%,-,-,-,-,-,-,2.91,3.05,-,-,8.8,25.0,"278,082",348,"319,413","329,654",4.8,17.1,"840,196",193,"873,254","890,593",-,-,,8.8,24.0,"286,862",290,"321,190"
,2014/15,Apr-14,5.9,16.3,"2,831,337","2,919,102",93.7%,93.6%,"188,774","200,707",516,720,0.0%,0.0%,-,-,-,-,-,-,3.02,3.12,-,-,8.7,24.6,"261,532",300,"298,747","303,029",5.0,16.9,"816,658",166,"848,190","857,187",-,-,,8.6,23.5,"268,608",236,"298,682"
,,May-14,6.2,16.9,"2,903,097","2,990,862",93.7%,93.6%,"193,832","205,765",572,776,0.0%,0.0%,-,-,-,-,-,-,3.10,3.20,-,-,9.3,25.4,"265,798",376,"301,901","306,183",5.5,16.9,"825,424",189,"855,875","864,872",-,-,,9.1,24.3,"271,802",319,"301,822"
,,Jun-14,5.8,16.9,"2,939,344","3,014,157",93.7%,93.6%,"196,752","206,776",594,776,0.0%,0.0%,-,-,-,-,-,-,3.14,3.22,-,-,9.5,25.2,"276,972",332,"318,083","322,579",5.4,17.2,"881,406",252,"916,466","925,913",-,-,,9.4,23.9,"284,495",267,"318,078"
,,Jul-14,5.9,17.2,"2,864,937","3,008,461",93.3%,93.2%,"205,313","219,579",532,730,0.0%,0.0%,-,-,-,-,-,-,3.07,3.23,-,-,9.0,24.9,"285,891",369,"329,444","339,717",5.2,17.4,"898,797",199,"938,084","970,283",-,-,,8.9,23.8,"293,990",292,"329,460"
,,Aug-14,6.4,17.3,"2,878,288","3,021,812",93.1%,93.0%,"212,237","226,503",490,688,0.0%,0.0%,-,-,-,-,-,-,3.09,3.25,-,-,9.1,25.7,"243,435",390,"285,493","294,426",5.5,17.7,"740,727",259,"776,523","804,522",-,-,,8.9,24.6,"250,955",324,"285,634"
,,Sep-14,6.2,17.1,"2,795,366","3,002,866",93.5%,93.1%,"195,871","221,739",362,646,0.0%,0.0%,-,-,-,-,-,-,2.99,3.22,-,-,9.7,25.8,"275,296",344,"322,665","336,177",6.0,17.9,"862,269",158,"906,729","953,812",-,-,,9.5,24.5,"284,738",265,"322,664"
,,Oct-14,5.8,17.2,"2,801,516","3,009,016",93.2%,92.9%,"204,390","230,258",381,665,0.0%,0.0%,-,-,-,-,-,-,3.01,3.24,-,-,9.5,25.1,"284,770",293,"330,235","346,849",5.4,17.9,"887,597",113,"933,443","989,032",-,-,,9.3,23.8,"293,729",224,"330,247"
,,Nov-14,5.8,17.1,"2,790,268","2,997,768",93.3%,93.0%,"199,990","225,858",362,646,0.0%,0.0%,-,-,-,-,-,-,2.99,3.22,-,-,9.3,25.6,"268,173",265,"315,240","326,861",5.4,18.3,"828,839",95,"875,313","911,410",-,-,,9.2,24.6,"275,631",206,"315,243"
,,Dec-14,6.5,17.5,"2,718,870","2,939,263",92.8%,92.6%,"209,544","235,551",399,684,0.0%,0.0%,-,-,-,-,-,-,2.93,3.17,-,-,8.5,23.9,"246,786",162,"279,866","295,082",5.1,17.6,"783,711",121,"821,097","869,627",-,-,,8.4,22.8,"252,310",136,"279,865"
,,Jan-15,6.7,17.7,"2,706,862","2,900,439",92.6%,92.3%,"217,183","241,244",440,725,0.0%,0.0%,-,-,-,-,-,-,2.92,3.14,-,-,9.9,25.4,"260,213",225,"303,346","316,645",6.1,18.0,"847,819",890,"892,977","934,409",-,-,,9.7,24.3,"268,880",166,"303,288"
,,Feb-15,5.6,17.3,"2,725,305","2,918,882",93.1%,92.8%,"202,908","226,969",442,727,0.0%,0.0%,-,-,-,-,-,-,2.93,3.15,-,-,10.2,26.1,"256,214",198,"302,795","315,461",5.2,18.4,"801,810",134,"847,183","886,642",-,-,,10.0,25.1,"263,185",155,"302,731"
,,Mar-15,5.6,17.2,"2,800,845","2,980,034",93.1%,92.9%,"206,032","229,259",475,751,0.0%,0.0%,-,-,-,-,-,-,3.01,3.21,-,-,9.2,26.2,"283,791",228,"334,830","348,762",5.0,17.9,"885,466",382,"931,546","974,950",-,-,,9.1,25.4,"290,391",180,"334,836"
,2015/16,Apr-15,5.9,16.5,"2,821,088","3,056,227",93.3%,93.0%,"201,424","229,068",413,713,0.0%,0.0%,-,-,-,-,-,-,3.02,3.29,-,-,9.1,26.0,"249,141",185,"292,265","310,722",5.5,17.9,"805,734",141,"847,010","900,393",-,-,,9.0,25.1,"255,640",147,"292,208"
,,May-15,6.0,17.0,"2,965,989","3,163,090",93.5%,93.2%,"206,638","229,475",634,752,0.0%,0.0%,-,-,-,-,-,-,3.17,3.39,-,-,9.4,26.3,"251,104",193,"290,407","304,434",5.5,17.6,"788,093",128,"825,082","866,010",-,-,,9.3,25.6,"256,040",152,"290,346"
,,Jun-15,6.0,17.2,"2,980,377","3,170,254",93.2%,93.0%,"216,748","239,737",751,868,0.0%,0.0%,-,-,-,-,-,-,3.20,3.41,-,-,9.5,26.5,"281,526",212,"328,558","344,635",5.6,17.9,"922,856",186,"970,355","1,015,543",-,-,,9.3,25.7,"288,084",166,"328,565"
,,Jul-15,6.0,17.4,"3,027,537","3,216,814",92.9%,92.6%,"232,507","255,626",786,903,0.0%,0.0%,-,-,-,-,-,-,3.26,3.47,-,-,9.2,25.8,"280,791",180,"329,048","345,544",5.4,18.3,"906,373",262,"957,260","1,004,571",-,-,,9.1,24.9,"287,935",139,"329,050"
,,Aug-15,6.5,17.6,"3,080,794","3,245,148",92.6%,92.4%,"246,261","267,329",739,855,0.0%,0.0%,-,-,-,-,-,-,3.33,3.51,-,-,9.2,26.4,"241,656",201,"284,505","298,054",5.6,18.7,"777,815",199,"823,429","862,913",-,-,,9.1,25.5,"247,528",162,"284,508"
,,Sep-15,6.5,17.7,"3,058,504","3,222,858",92.5%,92.3%,"247,388","268,456",756,872,0.0%,0.0%,-,-,-,-,-,-,3.31,3.49,-,-,9.8,27.1,"265,547",192,"319,678","334,582",6.1,19.5,"893,991",169,"954,036","997,469",-,-,,9.6,26.2,"273,423",137,"319,676"
,,Oct-15,6.2,17.8,"3,059,956","3,247,054",92.3%,91.9%,"253,954","285,760",868,987,0.0%,0.0%,-,-,-,-,-,-,3.31,3.53,-,-,9.7,27.1,"263,475",268,"317,631","333,595",5.7,19.8,"890,021",352,"952,445","1,003,471","1,485,369","1,605,078",,-,-,-,-,-
,,Nov-15,6.1,17.8,"3,055,104","3,242,202",92.4%,92.0%,"251,406","283,212",835,954,0.0%,0.0%,-,-,-,-,-,-,3.31,3.53,-,-,9.4,27.3,"260,022",346,"315,252","330,490",5.7,20.2,"894,358",442,"961,821","1,010,527","1,450,031","1,564,299",,-,-,-,-,-
,,Dec-15,6.7,18.2,"3,026,929","3,226,069",91.8%,91.4%,"268,983","303,445",758,934,0.0%,0.0%,-,-,-,-,-,-,3.30,3.53,-,-,8.8,26.6,"231,392",215,"276,499","293,251",5.3,20.0,"811,149",261,"869,867","920,233","1,351,414","1,465,682",,-,-,-,-,-
,,Jan-16,6.8,18.0,"3,027,654","3,226,794",92.0%,91.5%,"263,446","297,908",728,904,0.0%,0.0%,-,-,-,-,-,-,3.29,3.52,-,-,10.2,28.2,"238,458",328,"294,532","310,486",6.3,20.9,"850,230",372,"919,231","967,199","1,434,066","1,542,893",,-,-,-,-,-
,,Feb-16,5.9,17.9,"3,082,332","3,281,472",92.1%,91.7%,"263,589","298,051",692,868,0.0%,0.0%,-,-,-,-,-,-,3.35,3.58,-,-,10.2,28.5,"245,560",302,"304,310","321,062",5.4,20.5,"868,738",433,"937,170","987,536","1,505,461","1,619,729",,-,-,-,-,-
,,Mar-16,6.4,18.5,"3,205,842","3,346,700",91.5%,91.1%,"298,753","328,598",871,"1,024",0.0%,0.0%,-,-,-,-,-,-,3.50,3.68,-,-,9.3,28.4,"244,545",305,"302,982","312,705",5.3,20.5,"879,984",541,"949,840","983,750","1,572,127","1,646,658",,-,-,-,-,-
,2016/17,Apr-16,6.6,18.5,"3,300,705","3,452,534",91.6%,91.2%,"302,901","333,626",886,"1,039",0.0%,0.0%,-,-,-,-,-,-,3.60,3.79,-,-,9.6,29.2,"236,115",320,"297,893","308,804",5.9,21.1,"869,205",504,"944,132","980,337","1,583,739","1,665,094",,-,-,-,-,-
,,May-16,6.4,18.2,"3,359,901","3,511,730",91.8%,91.4%,"299,306","330,031","1,009","1,162",0.0%,0.0%,-,-,-,-,-,-,3.66,3.84,-,-,10.0,29.8,"242,810",362,"302,719","313,110",5.8,21.3,"897,361",616,"969,422","1,003,903","1,550,496","1,627,977",,-,-,-,-,-
,,Jun-16,6.5,18.4,"3,320,719","3,506,201",91.5%,91.1%,"307,175","341,472",942,"1,099",0.0%,0.0%,-,-,-,-,-,-,3.63,3.85,-,-,9.8,30.2,"253,379",452,"319,870","334,745",5.9,21.0,"935,106",591,"1,015,819","1,063,784","1,601,725","1,700,917",,-,-,-,-,-
,,Jul-16,6.6,18.8,"3,344,181","3,529,663",91.3%,90.9%,"320,504","354,801","1,077","1,234",0.0%,0.0%,-,-,-,-,-,-,3.66,3.88,-,-,9.7,30.1,"238,850",494,"303,324","316,543",5.9,21.7,"853,297",589,"934,935","978,795","1,532,038","1,626,722",,-,-,-,-,-
,,Aug-16,7.0,18.9,"3,355,134","3,540,616",90.9%,90.5%,"336,470","370,767","1,062","1,219",0.0%,0.0%,-,-,-,-,-,-,3.69,3.91,-,-,9.7,29.9,"239,004",533,"302,101","315,949",5.9,22.1,"875,130","1,456","958,983","1,004,932","1,532,416","1,631,608",,-,-,-,-,-
,,Sep-16,6.9,19.1,"3,354,034","3,539,516",90.6%,90.2%,"348,546","382,843","1,185","1,342",0.0%,0.0%,-,-,-,-,-,-,3.70,3.92,-,-,10.5,30.9,"242,876",580,"315,355","329,203",6.5,22.6,"910,528","1,230","1,009,191","1,055,140","1,588,655","1,687,847",,-,-,-,-,-
,,Oct-16,6.5,19.3,"3,394,756","3,523,839",90.4%,90.3%,"360,050","379,929","1,428","1,576",0.0%,0.0%,-,-,-,-,-,-,3.75,3.90,-,-,10.3,31.4,"240,558",622,"312,640","322,764",6.2,23.3,"908,674","1,751","1,013,311","1,048,358","1,573,928","1,654,906",,-,-,-,-,-
,,Nov-16,6.5,19.3,"3,367,511","3,485,623",90.5%,90.3%,"353,654","372,653","1,234","1,382",0.0%,0.0%,-,-,-,-,-,-,3.72,3.86,-,-,10.1,31.2,"259,122",690,"337,542","345,444",6.0,23.4,"983,991","1,849","1,098,028","1,127,172","1,657,024","1,724,422",,-,-,-,-,-
,,Dec-16,7.2,20.0,"3,278,063","3,433,169",89.7%,89.5%,"376,205","400,653","1,227","1,377",0.0%,0.0%,-,-,-,-,-,-,3.65,3.83,-,-,9.3,30.7,"217,654",638,"276,739","285,462",5.6,22.9,"809,979","1,480","896,033","928,436","1,398,622","1,460,907",,-,-,-,-,-
,,Jan-17,7.2,19.7,"3,252,604","3,405,696",90.0%,89.8%,"362,731","387,034","1,345","1,495",0.0%,0.0%,-,-,-,-,-,-,3.62,3.79,-,-,10.6,32.3,"235,955",773,"308,824","317,779",6.7,23.8,"932,861","1,818","1,040,446","1,073,431","1,588,726","1,651,534",,-,-,-,-,-
,,Feb-17,6.2,19.8,"3,296,902","3,437,952",90.0%,89.8%,"367,097","388,744","1,583","1,676",0.0%,0.0%,-,-,-,-,-,-,3.66,3.83,-,-,10.9,32.7,"224,974",931,"298,154","305,241",5.8,23.3,"880,694",949,"979,860","1,009,693","1,532,687","1,595,917",,-,-,-,-,-
,,Mar-17,6.2,19.5,"3,372,306","3,513,356",90.3%,90.1%,"362,527","384,174","1,528","1,621",0.0%,0.0%,-,-,-,-,-,-,3.73,3.90,-,-,10.1,32.8,"258,332",970,"342,772","350,922",5.6,22.8,"1,005,564","1,073","1,113,270","1,147,578","1,787,232","1,850,942",,-,-,-,-,-
,2017/18,Apr-17,6.8,20.0,"3,399,969","3,541,019",89.9%,89.8%,"382,488","404,135","1,568","1,661",0.0%,0.0%,-,-,-,-,-,-,3.78,3.95,-,-,9.7,32.7,"201,069",799,"267,398","273,776",5.6,22.7,"810,160","1,160","895,428","922,278","1,436,983","1,486,843",,-,-,-,-,-
,,May-17,7.1,19.4,"3,445,317","3,586,367",90.4%,90.3%,"365,722","387,369","1,651","1,744",0.0%,0.0%,-,-,-,-,-,-,3.81,3.97,-,-,10.1,33.0,"237,633","1,131","310,147","319,481",6.1,23.0,"970,436","1,684","1,066,156","1,105,090","1,666,097","1,724,267",,-,-,-,-,-
,,Jun-17,6.6,19.5,"3,459,659","3,615,594",90.3%,90.1%,"373,328","397,317","1,542","1,743",0.0%,0.0%,-,-,-,-,-,-,3.83,4.01,-,-,10.3,33.2,"237,751","1,103","312,486","323,834",5.9,22.4,"971,963",968,"1,071,856","1,116,025","1,711,834","1,779,516",,-,-,-,-,-
,,Jul-17,6.6,19.8,"3,460,415","3,616,350",89.9%,89.7%,"390,659","414,648","1,642","1,843",0.0%,0.0%,-,-,-,-,-,-,3.85,4.03,-,-,9.8,33.3,"227,912","1,056","299,378","310,210",5.8,22.6,"930,938","1,229","1,032,594","1,074,755","1,625,701","1,690,306",,-,-,-,-,-
,,Aug-17,7.1,20.5,"3,474,471","3,630,406",89.4%,89.3%,"411,748","435,737","1,734","1,935",0.0%,0.0%,-,-,-,-,-,-,3.89,4.07,-,-,9.7,32.6,"222,954","1,015","294,326","305,674",5.8,23.0,"924,939","1,109","1,028,474","1,064,671","1,612,863","1,680,545",,-,-,-,-,-
,,Sep-17,7.2,20.3,"3,415,529","3,621,399",89.1%,89.0%,"417,771","449,702","1,778","1,980",0.0%,0.0%,-,-,-,-,-,-,3.83,4.07,-,-,10.4,33.1,"217,576","1,061","290,222","304,127",6.4,23.7,"908,818",834,"1,015,252","1,064,526","1,568,564","1,652,262",,-,-,-,-,-
,,Oct-17,6.7,20.3,"3,393,766","3,624,308",89.3%,89.1%,"406,281","441,547","1,519","1,728",0.0%,0.0%,-,-,-,-,-,-,3.80,4.07,-,-,10.4,33.3,"234,281","1,107","312,193","327,417",6.0,23.4,"973,422",879,"1,087,855","1,149,771","1,669,601","1,770,333",,-,-,-,-,-
,,Nov-17,6.6,20.2,"3,330,962","3,585,185",89.5%,89.2%,"391,638","435,440","1,449","1,671",0.0%,0.0%,-,-,-,-,-,-,3.72,4.02,-,-,10.0,33.3,"238,467",858,"316,437","332,404",5.9,23.7,"989,847",846,"1,110,170","1,176,939","1,644,925","1,754,642",,-,-,-,-,-
,,Dec-17,7.4,21.3,"3,321,954","3,520,138",88.2%,88.1%,"445,372","475,790","1,748","1,842",0.0%,0.0%,-,-,-,-,-,-,3.77,4.00,-,-,9.2,32.1,"193,089",547,"250,115","260,253",5.6,23.4,"786,006",622,"875,280","918,499","1,336,987","1,409,960",,-,-,-,-,-
,,Jan-18,7.6,21.3,"3,289,620","3,501,481",88.2%,87.9%,"440,853","482,475","1,869","2,119",0.1%,0.1%,-,-,-,-,-,-,3.73,3.98,-,-,10.2,33.2,"223,360",740,"294,364","306,592",6.6,24.4,"978,058",792,"1,098,573","1,150,904","1,657,878","1,748,859",,-,-,-,-,-
,,Feb-18,6.6,21.4,"3,309,184","3,518,355",87.9%,87.6%,"454,349","495,763","2,235","2,485",0.1%,0.1%,-,-,-,-,-,-,3.76,4.01,-,-,10.6,34.1,"204,707",713,"275,294","285,923",5.6,24.1,"862,680",813,"966,604","1,012,504","1,522,794","1,604,295",,-,-,-,-,-
,,Mar-18,6.9,21.9,"3,361,133","3,570,304",87.2%,87.0%,"491,281","532,695","2,756","3,006",0.1%,0.1%,-,-,-,-,-,-,3.85,4.10,-,-,9.6,34.4,"210,847",869,"283,332","294,493",5.4,23.8,"889,663",891,"996,080","1,044,275","1,633,324","1,718,900",,-,-,-,-,-
,2018/19,Apr-18,6.9,22.0,"3,519,434","3,664,629",87.6%,87.4%,"500,073","529,885","2,880","3,044",0.1%,0.1%,-,-,-,-,-,-,4.02,4.19,-,-,10.1,35.8,"205,679","1,188","285,578","292,857",5.9,24.8,"886,504","1,251","1,004,142","1,035,238","1,640,427","1,693,040",,-,-,-,-,-
,,May-18,6.9,21.5,"3,604,707","3,762,039",88.1%,88.0%,"485,230","515,383","3,100","3,264",0.1%,0.1%,-,-,-,-,-,-,4.09,4.28,-,-,10.0,35.9,"226,925","1,289","306,502","315,441",5.7,24.8,"978,385","1,233","1,092,817","1,130,254","1,746,208","1,808,560",,-,-,-,-,-
,,Jun-18,7.0,21.5,"3,620,601","3,777,933",87.8%,87.7%,"501,779","531,932","3,516","3,680",0.1%,0.1%,-,-,-,-,-,-,4.12,4.31,-,-,10.0,36.2,"222,643","1,349","302,608","311,547",5.9,24.9,"944,380","1,264","1,061,111","1,098,548","1,675,427","1,737,779",,-,-,-,-,-
,,Jul-18,7.0,21.5,"3,630,924","3,788,256",87.8%,87.6%,"504,337","534,490","3,464","3,628",0.1%,0.1%,-,-,-,-,-,-,4.14,4.32,-,-,9.9,36.2,"226,895","1,473","306,985","316,349",5.8,24.5,"966,346","1,228","1,088,288","1,127,508","1,714,390","1,779,711",,-,-,-,-,-
,,Aug-18,7.5,22.1,"3,632,958","3,790,290",87.3%,87.1%,"530,374","560,527","3,405","3,569",0.1%,0.1%,-,-,-,-,-,-,4.16,4.35,-,-,9.7,36.2,"217,288","1,360","290,463","299,827",5.8,24.6,"904,059","1,048","1,015,966","1,055,186","1,634,177","1,700,162",,-,-,-,-,-
,,Sep-18,7.6,22.2,"3,584,289","3,741,621",86.7%,86.6%,"550,412","580,565","3,157","3,321",0.1%,0.1%,-,-,-,-,-,-,4.13,4.32,-,-,10.4,36.3,"207,550","1,412","284,098","292,611",6.5,25.7,"880,762","1,178","1,008,884","1,044,538","1,553,736","1,613,118",,-,-,-,-,-
,,Oct-18,7.0,22.0,"3,646,101","3,774,507",87.1%,87.0%,"540,241","565,560","2,815","2,978",0.1%,0.1%,-,-,-,-,-,-,4.19,4.34,-,-,10.4,36.4,"238,070","1,544","327,110","335,012",6.1,25.4,"1,033,659","1,525","1,182,308","1,213,004","1,841,759","1,897,657",,-,-,-,-,-
,,Nov-18,6.9,22.0,"3,626,281","3,754,687",87.3%,87.2%,"527,765","553,084","2,431","2,594",0.1%,0.1%,-,-,-,-,-,-,4.15,4.31,-,-,10.0,36.3,"234,334","1,399","321,946","329,504",6.0,25.7,"1,015,164","1,312","1,162,783","1,192,145","1,757,848","1,811,316",,-,-,-,-,-
,,Dec-18,7.6,22.7,"3,595,561","3,704,631",86.6%,86.5%,"556,028","580,177","2,237","2,400",0.1%,0.1%,-,-,-,-,-,-,4.15,4.28,-,-,9.2,35.0,"191,452",946,"255,761","260,492",5.6,25.3,"823,320",861,"933,564","953,034","1,431,137","1,467,815",,-,-,-,-,-
,,Jan-19,7.8,22.5,"3,619,513","3,694,930",86.7%,86.6%,"553,149","573,726","2,169","2,328",0.1%,0.1%,-,-,-,-,-,-,4.17,4.27,-,-,10.7,36.9,"229,259","1,293","317,121","320,181",6.7,26.5,"1,031,973","1,632","1,183,632","1,198,156","1,794,128","1,822,633",,-,-,-,-,-
,,Feb-19,6.7,22.1,"3,604,256","3,728,402",87.0%,86.6%,"539,854","577,655","1,962","2,188",0.0%,0.1%,-,-,-,-,-,-,4.14,4.31,-,-,10.8,36.8,"204,859","1,071","284,212","292,657",5.8,26.1,"903,945","1,058","1,033,312","1,059,071","1,638,322","1,686,079",,-,-,-,-,-
,,Mar-19,6.9,22.3,"3,670,437","3,751,162",86.7%,86.3%,"562,977","594,305","1,154","1,377",0.0%,0.0%,-,-,-,-,-,-,4.23,4.35,-,-,10.3,37.4,"218,308","1,385","305,356","314,080",5.6,25.6,"959,981","1,325","1,095,701","1,126,052","1,741,493","1,786,535",,-,-,-,-,-
,2019/20,Apr-19,7.2,22.6,"3,718,168","3,798,893",86.5%,86.2%,"579,403","610,731","1,047","1,270",0.0%,0.0%,-,-,-,-,-,-,4.30,4.41,-,-,10.0,37.2,"200,499",727,"280,209","288,518",5.8,25.7,"916,599",911,"1,046,015","1,074,921","1,656,081","1,698,979",,-,-,-,-,-
,,May-19,7.7,23.0,"3,809,456","3,890,181",86.9%,86.5%,"576,237","607,565","1,032","1,255",0.0%,0.0%,-,-,-,-,-,-,4.39,4.50,-,-,10.3,37.2,"215,462",736,"295,881","304,605",6.3,26.0,"971,840",922,"1,102,958","1,133,309","1,755,805","1,800,847",,-,-,-,-,-
,,Jun-19,7.5,22.4,"3,794,158","3,874,883",86.3%,86.0%,"601,088","632,416","1,089","1,312",0.0%,0.0%,-,-,-,-,-,-,4.40,4.51,-,-,10.6,37.3,"208,528",763,"289,203","296,254",6.2,26.5,"929,326",867,"1,064,501","1,093,407","1,641,179","1,684,077",,-,-,-,-,-
,,Jul-19,7.3,22.7,"3,752,114","3,865,541",85.8%,85.5%,"620,454","657,354","1,032","1,264",0.0%,0.0%,-,-,-,-,-,-,4.37,4.52,-,-,10.2,37.4,"226,152",902,"314,280","324,941",6.1,25.8,"1,022,871",932,"1,179,146","1,225,994","1,801,797","1,868,204",,-,-,-,-,-
,,Aug-19,8.0,23.7,"3,745,921","3,859,348",85.0%,84.7%,"662,043","698,943","1,236","1,468",0.0%,0.0%,-,-,-,-,-,-,4.41,4.56,-,-,10.0,37.6,"197,404",738,"275,267","286,018",6.1,26.2,"867,487",784,"1,006,145","1,048,920","1,577,132","1,637,765",,-,-,-,-,-
,,Sep-19,8.0,23.9,"3,744,771","3,858,198",84.8%,84.5%,"672,112","709,012","1,305","1,537",0.0%,0.0%,-,-,-,-,-,-,4.42,4.57,-,-,10.7,38.4,"204,011",910,"288,230","297,964",6.8,27.5,"919,697",925,"1,080,810","1,123,585","1,637,851","1,698,484",,-,-,-,-,-
,,Oct-19,7.6,23.7,"3,763,231","3,876,658",84.7%,84.4%,"681,625","718,525","1,321","1,553",0.0%,0.0%,-,-,-,-,-,-,4.44,4.60,-,-,10.8,38.2,"222,984","1,120","316,640","327,301",6.4,28.0,"1,018,263","1,371","1,197,666","1,244,514","1,812,825","1,879,232",,-,-,-,-,-
,,Nov-19,7.7,23.9,"3,723,382","3,836,809",84.4%,84.1%,"690,096","726,996","1,398","1,630",0.0%,0.0%,-,-,-,-,-,-,4.41,4.56,-,-,10.5,38.3,"212,632","1,087","301,928","311,662",6.4,28.2,"947,316","1,532","1,121,653","1,164,428","1,656,910","1,717,543",,-,-,-,-,-
,,Dec-19,8.3,24.9,"3,693,390","3,806,817",83.7%,83.4%,"721,521","758,421","1,467","1,699",0.0%,0.0%,-,-,-,-,-,-,4.41,4.57,-,-,9.6,37.8,"182,692",813,"252,228","261,499",6.0,27.6,"827,022","1,043","967,600","1,008,338","1,459,872","1,517,618",,-,-,-,-,-
,,Jan-20,8.4,25.1,"3,685,428","3,798,855",83.5%,83.2%,"730,266","767,166","1,643","1,875",0.0%,0.0%,-,-,-,-,-,-,4.42,4.57,-,-,11.1,39.7,"211,959","1,293","303,466","313,664",7.2,29.0,"977,161","1,371","1,161,316","1,206,127","1,738,294","1,801,814",,-,-,-,-,-
,,Feb-20,7.5,24.7,"3,678,351","3,791,778",83.2%,82.9%,"744,997","781,897","1,613","1,845",0.0%,0.0%,-,-,-,-,-,-,4.42,4.57,-,-,11.3,39.9,"197,369","1,330","284,715","293,986",6.3,29.6,"887,992","1,492","1,056,998","1,092,844","1,600,454","1,658,200",,-,-,-,-,-
,,Mar-20,8.9,26.5,"3,375,661","3,489,088",79.7%,79.5%,"860,309","897,209","3,097","3,329",0.1%,0.1%,-,-,-,-,-,-,4.24,4.39,-,-,8.4,38.5,"153,038",716,"207,754","217,952",5.8,27.6,"838,268",958,"978,672","1,018,102","1,220,636","1,284,156",,-,-,-,-,-
,2020/21,Apr-20,12.2,30.7,"2,812,999","2,894,430",71.3%,71.4%,"1,134,062","1,156,858","11,179","11,255",0.3%,0.3%,-,-,-,-,-,-,3.95,4.05,-,-,3.8,25.9,"37,382",89,"41,509","49,537",7.4,28.8,"440,474","1,204","528,005","558,385","491,101","536,751",,-,-,-,-,-
,,May-20,15.3,34.4,"2,392,303","2,473,734",62.2%,62.6%,"1,453,700","1,476,496","26,717","26,793",0.7%,0.7%,-,-,-,-,-,-,3.85,3.95,-,-,4.1,33.9,"45,885",323,"54,560","62,186",8.7,31.6,"409,616","1,856","507,507","536,368","626,540","669,907",,-,-,-,-,-
,,Jun-20,17.6,37.4,"2,005,831","2,087,262",52.0%,52.7%,"1,854,246","1,877,042","50,539","50,615",1.3%,1.3%,-,-,-,-,-,-,3.86,3.96,-,-,7.3,42.7,"66,400","1,504","94,360","103,190",5.9,33.5,"509,356","2,777","662,650","696,069","939,450","989,665",,-,-,-,-,-
,,Jul-20,19.6,40.0,"1,895,264","1,949,710",46.8%,47.3%,"2,151,443","2,171,983","83,203","83,290",2.1%,2.0%,-,-,-,-,-,-,4.05,4.12,-,-,11.9,48.3,"81,223","4,684","142,818","149,831",4.5,36.5,"522,713","5,443","727,273","751,205","1,178,528","1,217,451",,-,-,-,-,-
,,Aug-20,14.8,42.1,"2,260,431","2,309,160",53.6%,53.9%,"1,959,684","1,976,908","111,026","111,093",2.6%,2.6%,-,-,-,-,-,-,4.22,4.29,-,-,12.5,52+,"83,514","7,785","155,789","161,597",4.5,39.4,"485,135","7,638","667,961","686,509","1,114,414","1,145,216",,-,-,-,-,-
,,Sep-20,12.0,43.7,"2,638,278","2,687,007",60.6%,60.8%,"1,716,606","1,733,830","139,545","139,612",3.2%,3.2%,-,-,-,-,-,-,4.35,4.42,-,-,13.1,52+,"112,665","15,626","209,562","215,950",5.5,42.8,"629,342","14,394","848,349","868,752","1,332,834","1,366,716",,-,-,-,-,-
,,Oct-20,11.1,44.8,"2,911,270","2,959,999",65.4%,65.6%,"1,537,587","1,554,811","167,067","167,134",3.8%,3.7%,-,-,-,-,-,-,4.45,4.51,-,-,12.6,52+,"130,537","21,747","232,466","238,854",5.5,45.2,"688,510","20,227","906,244","926,647","1,393,861","1,427,743",,-,-,-,-,-
,,Nov-20,10.4,45.1,"3,040,809","3,089,538",68.2%,68.3%,"1,419,903","1,437,127","192,169","192,236",4.3%,4.2%,-,-,-,-,-,-,4.46,4.53,-,-,10.8,52+,"135,785","21,261","222,810","228,908",5.7,45.6,"729,888","23,143","941,542","961,018","1,348,049","1,380,391",,-,-,-,-,-
,,Dec-20,11.2,47.4,"3,067,658","3,116,387",67.8%,67.9%,"1,453,675","1,470,899","224,205","224,272",5.0%,4.9%,-,-,-,-,-,-,4.52,4.59,-,-,9.2,52+,"126,349","16,895","191,541","197,639",5.2,45.4,"680,656","21,507","847,641","867,117","1,260,501","1,292,843",,-,-,-,-,-
,,Jan-21,12.1,50.1,"3,038,370","3,087,099",66.2%,66.3%,"1,554,305","1,571,529","304,044","304,111",6.6%,6.5%,-,-,-,-,-,-,4.59,4.66,-,-,7.8,52+,"102,743","8,726","139,378","143,783",6.2,46.7,"663,722","20,692","822,218","834,773","1,185,074","1,206,917",,-,-,-,-,-
,,Feb-21,12.6,52+,"3,030,448","3,079,177",64.5%,64.6%,"1,667,900","1,685,124","387,885","387,952",8.3%,8.1%,-,-,-,-,-,-,4.70,4.76,-,-,7.8,52+,"111,890","11,337","152,642","157,047",5.9,48.4,"653,808","26,063","819,226","831,781","1,253,853","1,275,696",,-,-,-,-,-
,,Mar-21,11.6,52+,"3,186,952","3,186,952",64.4%,64.4%,"1,763,345","1,763,345","436,127","436,127",8.8%,8.8%,-,-,-,-,-,-,4.95,4.95,-,-,8.9,52+,"148,638","23,733","220,349","220,349",5.4,45.5,"802,184","39,960","1,013,328","1,013,328","1,614,201","1,614,201",,-,-,-,-,-
,2021/22,Apr-21,11.0,48.7,"3,311,746","3,311,746",64.6%,64.6%,"1,811,971","1,811,971","385,379","385,379",7.5%,7.5%,"196,225","196,225","64,846","64,846","2,608","2,608",5.12,5.12,-,-,11.1,68.4,"135,500","28,987","223,606","223,606",5.8,42.8,"730,879","36,035","935,418","935,418","1,497,830","1,497,830",,-,-,-,-,-
,,May-21,10.8,45.3,"3,576,159","3,576,159",67.4%,67.4%,"1,729,266","1,729,266","336,779","336,779",6.3%,6.3%,"232,172","232,172","79,055","79,055","3,927","3,927",5.31,5.31,-,-,11.4,72.2,"146,711","31,290","242,793","242,793",5.9,43.2,"753,503","34,536","955,913","955,913","1,516,276","1,516,276",,-,-,-,-,-
,,Jun-21,10.5,44.2,"3,749,231","3,749,231",68.7%,68.7%,"1,704,255","1,704,255","304,823","304,823",5.6%,5.6%,"233,051","233,051","85,959","85,959","5,727","5,727",5.45,5.45,-,-,11.1,73.5,"171,523","30,950","275,835","275,835",6.0,42.7,"846,744","33,299","1,063,055","1,063,055","1,674,642","1,674,642",,-,-,-,-,-
,,Jul-21,10.9,43.8,"3,828,136","3,828,136",68.3%,68.3%,"1,779,438","1,779,438","293,102","293,102",5.2%,5.2%,"199,472","199,472","102,304","102,304","7,980","7,980",5.61,5.61,-,-,10.7,74.3,"167,303","25,551","260,164","261,519",6.2,42.0,"802,830","28,242","1,002,261","1,007,211","1,605,526","1,605,526",,-,-,-,-,-
,,Aug-21,11.5,44.4,"3,865,241","3,879,564",67.6%,67.6%,"1,850,457","1,861,185","292,138","295,362",5.1%,5.1%,"176,195","178,719","121,711","122,653","9,754","9,803",5.72,5.74,-,-,10.3,74.6,"154,611","20,551","232,629","233,922",6.4,42.5,"725,295","25,456","906,690","911,415","1,469,370","1,472,158",,-,-,-,-,-
,,Sep-21,11.9,44.5,"3,879,621","3,893,944",66.5%,66.4%,"1,955,374","1,966,102","301,274","304,498",5.2%,5.2%,"163,361","165,885","123,969","124,911","12,645","12,694",5.83,5.86,83.5%,4.89,11.1,71.8,"164,412","22,523","252,930","254,285",7.3,43.7,"812,644","30,788","1,041,007","1,045,957","1,626,494","1,629,415",,-,-,-,-,-
,,Oct-21,12.0,44.4,"3,923,337","3,923,337",65.6%,65.6%,"2,054,200","2,054,200","312,852","312,852",5.2%,5.2%,"158,774","158,774","106,258","106,258","16,245","16,245",5.98,5.98,83.6%,5.00,11.1,67.2,"164,782","23,049","254,611","254,611",7.0,44.5,"793,631","32,431","1,028,542","1,028,542","1,588,347","1,588,347",,-,-,-,-,-
,,Nov-21,11.5,42.9,"3,933,682","3,933,682",65.5%,65.5%,"2,067,994","2,067,994","307,214","307,214",5.1%,5.1%,"148,492","148,492","87,437","87,437","18,596","18,596",6.00,6.00,83.4%,5.01,11.2,67.0,"175,797","25,565","275,982","275,982",7.1,44.6,"870,475","38,651","1,144,520","1,144,520","1,683,913","1,683,913",,-,-,-,-,-
,,Dec-21,12.5,43.4,"3,876,780","3,876,780",63.9%,63.9%,"2,194,513","2,194,513","310,943","310,943",5.1%,5.1%,"155,902","155,902","80,121","80,121","20,080","20,080",6.07,6.07,83.4%,5.06,10.0,64.7,"150,073","19,108","225,423","225,423",6.6,43.4,"728,805","31,602","944,504","944,504","1,428,240","1,428,240",,-,-,-,-,-
,,Jan-22,13.1,44.5,"3,826,817","3,826,817",62.4%,62.4%,"2,301,176","2,301,176","317,491","317,491",5.2%,5.2%,"163,160","163,160","77,566","77,566","24,424","24,424",6.13,6.13,84.0%,5.15,11.3,66.4,"147,118","19,495","228,477","228,477",8.1,46.5,"762,649","38,948","1,021,768","1,021,768","1,518,507","1,518,507",,-,-,-,-,-
,,Feb-22,13.2,44.1,"3,862,282","3,862,282",62.2%,62.2%,"2,348,849","2,348,849","306,479","306,479",4.9%,4.9%,"156,787","156,787","69,275","69,275","22,637","22,637",6.21,6.21,84.0%,5.22,12.3,69.3,"153,386","22,923","248,845","248,845",7.8,46.7,"755,887","37,870","1,018,365","1,018,365","1,552,698","1,552,698",,-,-,-,-,-
,,Mar-22,12.2,44.4,"3,956,489","3,956,489",62.2%,62.2%,"2,409,283","2,409,283","310,067","310,067",4.9%,4.9%,"144,772","144,772","63,397","63,397","16,947","16,947",6.37,6.37,83.6%,5.32,12.4,70.3,"172,003","26,455","282,348","282,348",6.9,46.3,"862,387","41,827","1,157,241","1,157,241","1,786,268","1,786,268",,-,-,-,-,-
,2022/23,Apr-22,12.6,45.0,"3,998,468","4,026,852",61.7%,61.7%,"2,485,238","2,500,297","323,261","324,422",5.0%,5.0%,"141,413","141,816","63,688","63,777","12,757","12,758",6.48,6.53,83.4%,5.45,11.4,65.7,"143,450","19,904","233,424","236,174",7.0,46.5,"702,523","32,949","940,543","947,571","1,495,453","1,506,594",,-,-,-,-,-
,,May-22,12.7,45.3,"4,215,948","4,239,012",63.5%,63.6%,"2,422,127","2,429,087","333,119","333,303",5.0%,5.0%,"136,873","136,903","59,901","59,903","8,057","8,057",6.64,6.67,83.1%,5.54,12.4,67.6,"172,572","26,499","281,704","282,934",7.9,47.9,"821,538","42,590","1,106,896","1,113,601","1,740,851","1,748,837",,-,-,-,-,-
,,Jun-22,13.3,45.7,"4,207,211","4,230,275",62.2%,62.3%,"2,552,849","2,559,809","357,577","357,761",5.3%,5.3%,"142,012","142,042","54,106","54,108","3,875","3,875",6.76,6.79,81.8%,5.56,12.7,68.7,"161,208","25,966","265,358","266,530",7.8,48.8,"760,633","41,500","1,035,947","1,042,332","1,604,839","1,612,444",,-,-,-,-,-
,,Jul-22,13.3,45.9,"4,174,730","4,238,350",61.0%,61.1%,"2,665,828","2,699,175","377,886","381,384",5.5%,5.5%,"148,913","149,770","51,885","52,128","2,890","2,890",6.84,6.94,83.3%,5.78,12.0,64.7,"162,238","24,627","264,494","267,704",7.5,48.8,"743,003","41,846","1,014,056","1,028,070","1,602,408","1,623,110",,-,-,-,-,-
,,Aug-22,13.8,46.4,"4,258,985","4,299,541",60.8%,60.8%,"2,746,863","2,773,250","387,538","390,852",5.5%,5.5%,"156,985","157,812","50,959","51,200","2,651","2,651",7.01,7.07,82.3%,5.82,12.0,65.0,"168,932","25,425","275,001","277,076",7.7,50.2,"766,941","47,908","1,059,902","1,067,559","1,649,719","1,663,041",,-,-,-,-,-
,,Sep-22,14.0,46.8,"4,204,505","4,245,061",59.4%,59.4%,"2,870,502","2,896,889","401,895","405,209",5.7%,5.7%,"165,967","166,794","50,612","50,853","2,250","2,250",7.08,7.14,83.6%,5.97,12.6,66.7,"169,303","27,326","279,842","281,822",8.6,51.5,"768,691","52,633","1,083,244","1,090,553","1,631,921","1,644,638",,-,-,-,-,-
,,Oct-22,13.9,46.5,"4,183,750","4,306,329",60.2%,59.7%,"2,771,708","2,907,853","384,015","411,274",5.5%,5.7%,"157,216","169,525","46,210","50,177","1,821","1,906",6.96,7.21,83.5%,6.02,12.5,66.4,"170,975","27,344","280,773","285,743",8.6,52.4,"772,075","56,249","1,098,228","1,117,730","1,660,239","1,693,541",,-,-,-,-,-
,,Nov-22,13.6,45.3,"4,162,017","4,284,596",60.1%,59.6%,"2,767,207","2,903,352","379,540","406,799",5.5%,5.7%,"147,131","159,440","45,038","49,005","1,335","1,420",6.93,7.19,84.1%,6.05,12.3,66.7,"184,480","30,470","303,734","308,941",8.6,53.6,"843,738","65,932","1,213,581","1,234,012","1,742,711","1,777,598",,-,-,-,-,-
,,Dec-22,14.4,46.3,"4,066,601","4,148,624",58.0%,57.6%,"2,941,651","3,051,409","381,985","405,930",5.5%,5.6%,"154,719","166,201","51,124","54,850","1,137","1,222",7.01,7.20,84.2%,6.06,11.0,64.9,"150,881","22,246","239,207","242,055",7.9,54.3,"679,478","53,940","962,479","974,091","1,402,495","1,422,100",,-,-,-,-,-
,,Jan-23,14.6,46.5,"4,207,644","4,207,644",58.3%,58.3%,"3,005,476","3,005,476","379,145","379,145",5.3%,5.3%,"144,969","144,969","45,610","45,610","1,108","1,108",7.21,7.21,84.2%,6.08,12.5,69.3,"174,604","30,077","287,224","287,224",9.6,61.1,"803,647","84,714","1,192,361","1,192,361","1,720,218","1,720,218",,-,-,-,-,-
,,Feb-23,14.5,46.1,"4,223,233","4,223,233",58.5%,58.5%,"2,994,638","2,994,638","362,434","362,434",5.0%,5.0%,"122,830","122,830","29,756","29,756","1,024","1,024",7.22,7.22,84.2%,6.08,13.0,72.2,"166,553","33,290","280,383","280,383",9.4,60.9,"753,597","81,023","1,118,905","1,118,905","1,646,172","1,646,172",,-,-,-,-,-
,,Mar-23,14.1,45.5,"4,299,276","4,299,276",58.6%,58.6%,"3,031,910","3,031,910","359,078","359,078",4.9%,4.9%,"94,444","94,444","10,718","10,718",511,511,7.33,7.33,83.4%,6.12,12.8,74.0,"183,234","38,848","310,709","310,709",7.9,57.6,"843,495","82,459","1,226,053","1,226,053","1,898,949","1,898,949",,-,-,-,-,-
,2023/24,Apr-23,13.8,46.0,"4,324,159","4,324,159",58.3%,58.3%,"3,091,193","3,091,193","371,111","371,111",5.0%,5.0%,"95,135","95,135","11,477","11,477",523,523,7.42,7.42,83.3%,6.17,11.5,66.3,"147,669","25,583","244,079","244,079",7.9,56.0,"680,445","60,395","977,770","977,770","1,520,359","1,520,359",,-,-,-,-,-
,,May-23,14.1,46.4,"4,446,821","4,446,821",59.5%,59.5%,"3,028,373","3,028,373","385,027","385,027",5.2%,5.2%,"96,802","96,802","11,446","11,446",482,482,7.48,7.48,83.9%,6.27,12.4,66.6,"173,732","31,985","288,185","288,185",8.9,57.7,"806,636","78,952","1,168,337","1,168,337","1,744,188","1,744,188",,-,-,-,-,-
,,Jun-23,14.3,46.2,"4,483,361","4,483,361",59.2%,59.2%,"3,091,288","3,091,288","383,083","383,083",5.1%,5.1%,"97,275","97,275","7,177","7,177",314,314,7.57,7.57,83.7%,6.34,12.3,67.0,"183,721","33,725","302,760","302,760",8.7,57.4,"837,890","82,639","1,217,525","1,217,525","1,833,668","1,833,668",,-,-,-,-,-
,,Jul-23,14.1,45.9,"4,498,221","4,498,221",58.6%,58.6%,"3,176,084","3,176,084","388,505","388,505",5.1%,5.1%,"96,023","96,023","7,079","7,079",263,263,7.67,7.67,83.7%,6.43,11.3,65.4,"172,961","29,481","279,579","279,579",8.2,57.3,"788,903","78,998","1,147,573","1,147,573","1,752,224","1,752,224",,-,-,-,-,-
,,Aug-23,14.5,46.3,"4,494,969","4,494,969",58.0%,58.0%,"3,250,815","3,250,815","395,170","395,170",5.1%,5.1%,"108,679","108,679","8,680","8,680",249,249,7.75,7.75,83.6%,6.47,11.2,65.5,"177,789","30,406","285,952","285,952",8.2,57.6,"784,057","78,321","1,136,915","1,136,915","1,729,570","1,729,570",,-,-,-,-,-
,,Sep-23,14.7,46.4,"4,462,623","4,474,694",57.6%,57.6%,"3,281,962","3,293,879","390,320","391,107",5.0%,5.0%,"108,987","109,135","10,195","10,200",227,227,7.74,7.77,83.6%,6.50,11.8,66.7,"174,129","31,179","283,388","283,917",9.4,58.7,"775,875","86,261","1,164,308","1,167,336","1,710,045","1,713,636",,-,-,-,-,-
,,Oct-23,14.6,45.8,"4,481,644","4,481,644",58.2%,58.2%,"3,222,223","3,222,223","377,315","377,315",4.9%,4.9%,"107,291","107,291","10,508","10,508",190,190,7.70,7.70,83.6%,6.44,12.2,66.9,"183,207","34,382","301,689","301,689",10.2,58.6,"808,898","98,464","1,253,601","1,253,601","1,778,503","1,778,503",,-,-,-,-,-
,,Nov-23,14.4,44.3,"4,435,328","4,435,328",58.3%,58.3%,"3,178,514","3,178,514","355,712","355,712",4.7%,4.7%,"94,681","94,681","11,215","11,215",227,227,7.61,7.61,83.9%,6.39,12.5,67.8,"190,202","39,201","319,449","319,449",10.0,57.7,"843,436","97,429","1,306,568","1,306,568","1,792,086","1,792,086",,-,-,-,-,-
,,Dec-23,15.0,45.2,"4,304,249","4,304,249",56.6%,56.6%,"3,303,336","3,303,336","338,070","338,070",4.4%,4.4%,"98,567","98,567","13,191","13,191",283,283,7.61,7.61,83.7%,6.37,11.4,66.3,"153,538","29,096","250,713","250,713",9.1,56.6,"666,059","68,749","1,002,992","1,002,992","1,448,318","1,448,318",,-,-,-,-,-
,,Jan-24,15.0,45.3,"4,321,271","4,321,271",57.0%,57.0%,"3,254,643","3,254,643","321,394","321,394",4.2%,4.2%,"92,213","92,213","14,013","14,013",376,376,7.58,7.58,83.5%,6.32,12.6,67.9,"183,881","38,279","308,648","308,648",10.3,58.2,"817,903","89,378","1,262,093","1,262,093","1,808,103","1,808,103",,-,-,-,-,-
,,* Feb-24,14.8,44.6,"4,338,109","4,338,109",57.6%,57.6%,"3,198,798","3,198,798","304,919","304,919",4.0%,4.0%,"75,004","75,004","9,969","9,969",252,252,7.54,7.54,83.5%,6.29,13.2,68.7,"176,019","40,381","301,266","301,266",10.1,56.7,"764,243","82,367","1,175,101","1,175,101","1,745,503","1,745,503",,-,-,-,-,-
,,Mar-24,14.9,44.7,"4,312,728","4,312,728",57.2%,57.2%,"3,226,102","3,226,102","309,299","309,299",4.1%,4.1%,"48,967","48,967","4,769","4,769",232,232,7.54,7.54,83.4%,6.29,13.0,69.5,"176,425","42,198","301,999","301,999",8.8,56.2,"743,773","77,371","1,127,573","1,127,573","1,674,503","1,674,503",,-,-,-,-,-
,2024/25,Apr-24,13.9,44.8,"4,408,948","4,408,948",58.2%,58.2%,"3,161,423","3,161,423","302,589","302,589",4.0%,4.0%,"50,397","50,397","5,013","5,013",275,275,7.57,7.57,83.6%,6.33,11.9,64.3,"184,312","36,706","310,436","310,436",9.1,55.4,"774,980","75,229","1,171,488","1,171,488","1,757,363","1,757,363",,-,-,-,-,-
,,May-24,14.2,45.0,"4,491,807","4,491,807",59.1%,59.1%,"3,109,843","3,109,843","307,500","307,500",4.0%,4.0%,"55,955","55,955","4,597","4,597",259,259,7.60,7.60,83.8%,6.37,11.8,64.7,"190,081","37,224","312,479","312,479",9.4,56.3,"803,486","83,202","1,204,100","1,204,100","1,784,578","1,784,578",,-,-,-,-,-
,,Jun-24,14.3,44.7,"4,487,082","4,487,082",58.9%,58.9%,"3,134,215","3,134,215","302,693","302,693",4.0%,4.0%,"58,024","58,024","2,621","2,621",120,120,7.62,7.62,83.8%,6.39,11.7,64.7,"181,995","35,390","298,634","298,634",9.2,56.4,"768,020","83,806","1,155,938","1,155,938","1,687,024","1,687,024",,-,-,-,-,-
,,Jul-24,14.0,44.1,"4,484,009","4,484,009",58.8%,58.8%,"3,139,072","3,139,072","290,326","290,326",3.8%,3.8%,"50,860","50,860","2,738","2,738",107,107,7.62,7.62,83.8%,6.39,11.6,64.4,"200,198","40,211","329,991","329,991",9.1,56.6,"842,041","93,487","1,268,500","1,268,500","1,855,532","1,855,532",,-,-,-,-,-
,,Aug-24,14.6,44.4,"4,452,245","4,452,245",58.3%,58.3%,"3,189,529","3,189,529","282,664","282,664",3.7%,3.7%,"45,527","45,527","3,335","3,335",124,124,7.64,7.64,84.0%,6.42,11.6,64.6,"182,900","36,857","299,270","299,270",9.1,57.4,"738,443","84,041","1,105,195","1,105,195","1,646,244","1,646,244",,-,-,-,-,-
,,Sep-24,14.4,43.7,"4,429,902","4,429,902",58.5%,58.5%,"3,141,647","3,141,647","249,024","249,024",3.3%,3.3%,"22,884","22,884","2,701","2,701",113,113,7.57,7.57,83.8%,6.34,12.6,66.2,"182,331","42,959","310,070","310,070",10.1,57.7,"784,056","93,398","1,206,753","1,206,753","1,707,356","1,707,356",,-,-,-,-,-
,,Oct-24,14.2,42.4,"4,444,500","4,444,500",58.9%,58.9%,"3,096,871","3,096,871","234,914","234,914",3.1%,3.1%,"20,939","20,939","2,449","2,449",148,148,7.54,7.54,84.1%,6.34,12.1,63.0,"204,405","40,221","339,195","339,195",9.8,55.6,"865,917","90,296","1,321,283","1,321,283","1,899,054","1,899,054",,-,-,-,-,-
,,Nov-24,14.0,42.2,"4,424,701","4,424,701",59.2%,59.2%,"3,055,166","3,055,166","221,567","221,567",3.0%,3.0%,"16,834","16,834","2,054","2,054",151,151,7.48,7.48,83.9%,6.28,11.8,61.9,"195,822","37,065","324,710","324,710",9.6,55.6,"801,260","83,731","1,232,573","1,232,573","1,743,388","1,743,388",,-,-,-,-,-
,,Dec-24,14.2,42.7,"4,398,544","4,398,544",58.9%,58.9%,"3,064,541","3,064,541","200,402","200,402",2.7%,2.7%,"15,576","15,576","2,061","2,061",155,155,7.46,7.46,83.5%,6.24,10.8,61.3,"171,134","29,397","275,133","275,133",8.8,54.9,"707,378","67,481","1,059,942","1,059,942","1,549,302","1,549,302",,-,-,-,-,-
,,Jan-25,14.4,42.4,"4,371,844","4,371,844",58.9%,58.9%,"3,055,825","3,055,825","198,828","198,828",2.7%,2.7%,"14,966","14,966","2,003","2,003",139,139,7.43,7.43,84.2%,6.25,11.9,61.8,"201,348","34,963","329,611","329,611",10.0,54.6,"827,943","77,873","1,261,899","1,261,899","1,822,647","1,822,647",,-,-,-,-,-
,,Feb-25,14.2,42.2,"4,379,951","4,379,951",59.2%,59.2%,"3,021,202","3,021,202","193,525","193,525",2.6%,2.6%,"13,223","13,223","1,693","1,693",161,161,7.40,7.40,84.2%,6.23,12.2,61.3,"187,028","33,008","310,439","310,439",9.8,54.1,"752,948","70,161","1,147,900","1,147,900","1,688,412","1,688,412",,-,-,-,-,-
,,Mar-25,13.8,41.9,"4,434,722","4,434,722",59.8%,59.8%,"2,983,876","2,983,876","180,243","180,243",2.4%,2.4%,"7,380","7,380","1,161","1,161",147,147,7.42,7.42,84.2%,6.25,11.8,60.1,"197,392","35,053","327,652","327,652",8.7,53.6,"800,423","70,557","1,208,332","1,208,332","1,798,871","1,798,871",,-,-,-,-,-
,2025/26,Apr-25,13.3,42.3,"4,413,743","4,413,743",59.7%,59.7%,"2,975,528","2,975,528","190,068","190,068",2.6%,2.6%,"9,258","9,258","1,361","1,361",171,171,7.39,7.39,84.4%,6.23,10.6,59.3,"189,402","27,931","305,987","305,987",8.1,52.5,"780,158","59,497","1,143,854","1,143,854","1,712,674","1,712,674",,-,-,-,-,-
,,May-25,13.6,42.5,"4,484,636","4,484,636",60.9%,60.9%,"2,874,821","2,874,821","196,920","196,920",2.7%,2.7%,"11,522","11,522","1,237","1,237",158,158,7.36,7.36,84.6%,6.23,11.0,59.2,"197,240","28,842","313,121","313,121",8.7,53.4,"813,696","67,356","1,187,052","1,187,052","1,752,664","1,752,664",,-,-,-,-,-
,,Jun-25,13.4,41.8,"4,534,245","4,534,245",61.5%,61.5%,"2,834,924","2,834,924","191,813","191,813",2.6%,2.6%,"10,517","10,517","1,103","1,103",182,182,7.37,7.37,84.6%,6.23,11.4,59.3,"200,081","30,411","320,947","320,947",8.8,53.7,"842,493","72,603","1,237,188","1,237,188","1,828,833","1,828,833",,-,-,-,-,-
,,Jul-25,13.1,41.8,"4,469,950","4,530,213",61.2%,61.3%,"2,830,754","2,861,747","189,480","191,277",2.6%,2.6%,"11,902","11,942","1,429","1,431",244,244,7.30,7.39,84.4%,6.24,11.0,59.1,"205,547","30,621","328,738","333,418",8.2,53.2,"889,923","73,109","1,297,445","1,315,162","1,914,582","1,943,163",,-,-,-,-,-
,,Aug-25,13.4,42.2,"4,459,975","4,520,238",61.0%,61.0%,"2,854,057","2,885,050","188,752","190,549",2.6%,2.6%,"12,753","12,793","1,416","1,418",168,168,7.31,7.41,84.4%,6.25,10.9,59.4,"179,596","26,991","287,654","291,724",8.2,53.5,"753,114","62,250","1,096,542","1,111,948","1,602,458","1,627,311",,-,-,-,-,-
,,Sep-25,13.4,41.8,"4,506,959","4,567,222",61.8%,61.8%,"2,791,228","2,822,221","178,532","180,329",2.4%,2.4%,"12,782","12,822","1,487","1,489",150,150,7.30,7.39,84.4%,6.24,11.9,60.0,"194,802","31,282","318,971","323,447",9.3,53.4,"856,494","72,606","1,276,491","1,293,437","1,818,704","1,846,043",,-,-,-,-,-
,,Oct-25,,,,,,,,,,,,,,,,,,,,,,,,,,,,,,,,,,,,,,-,-,-,-,-
,,Nov-25,,,,,,,,,,,,,,,,,,,,,,,,,,,,,,,,,,,,,,-,-,-,-,-
,,Dec-25,,,,,,,,,,,,,,,,,,,,,,,,,,,,,,,,,,,,,,-,-,-,-,-
,,Jan-26,,,,,,,,,,,,,,,,,,,,,,,,,,,,,,,,,,,,,,-,-,-,-,-
,,Feb-26,,,,,,,,,,,,,,,,,,,,,,,,,,,,,,,,,,,,,,-,-,-,-,-
,,Mar-26,,,,,,,,,,,,,,,,,,,,,,,,,,,,,,,,,,,,,,-,-,-,-,-
,Notes:,,,,,,,,,,,,,,,,,,,,,,,,,,,,,,,,,,,,,,,,,,,
,"1. Median and percentile times are calculated from aggregate data, rather than patient-level data, and therefore are an estimate of the position on average waits.",,,,,,,,,,,,,,,,,,,,,,,,,,,,,,,,,,,,,,,,,,,
,2. Incomplete RTT pathways are cases where patients are still waiting to start treatment at the end of the month. ,,,,,,,,,,,,,,,,,,,,,,,,,,,,,,,,,,,,,,,,,,,
,"3. The ratio of unique patients to the number of incomplete pathways is sourced from the weekly Waiting List Minimum Dataset (WLMDS). This ratio is then applied to the monthly figure for the number of incomplete pathways to estimate the number of unique patients. For each monthly position, we use the WLMDS data for the week ending that is closest to the end of the month.",,,,,,,,,,,,,,,,,,,,,,,,,,,,,,,,,,,,,,,,,,,
,4. Completed admitted (unadjusted) RTT pathways are cases where patients started treatment during the month and the treatment involved admission to hospital.,,,,,,,,,,,,,,,,,,,,,,,,,,,,,,,,,,,,,,,,,,,
,"5. Until Sept-15, adjustments were made to admitted RTT pathways for clock pauses, where a patient declined reasonable offers of admission and chose to wait longer. Adjusted completed admitted RTT pathway figures to Sept-15 are shown at the end of the table. ",,,,,,,,,,,,,,,,,,,,,,,,,,,,,,,,,,,,,,,,,,,
,6. Completed non-admitted RTT pathways are cases where patients completed their pathway during the month for reasons other than an inpatient or day case admission to hospital for treatment.,,,,,,,,,,,,,,,,,,,,,,,,,,,,,,,,,,,,,,,,,,,
,"7. For completed pathways, the number of pathways (all) includes RTT pathways with unknown clock starts (e.g. cases where the patient was treated during the month, but the length of time that they waited is unknown).",,,,,,,,,,,,,,,,,,,,,,,,,,,,,,,,,,,,,,,,,,,
,8. New RTT periods is the number of RTT clock starts during the month. This data has been collected since October 2015. ,,,,,,,,,,,,,,,,,,,,,,,,,,,,,,,,,,,,,,,,,,,
,"9. From April 2013, reported consultant-led RTT waiting times no longer include waiting times for consultant-led sexual health services as they are no longer commissioned by the NHS. Consultant-led sexual health pathways included in the RTT waiting times data prior to April 2013 were predominantly within a week long and involved non-admitted treatment.",,,,,,,,,,,,,,,,,,,,,,,,,,,,,,,,,,,,,,,,,,,
,"10. For April 2021 data onwards, the monthly data return was amended to include time bands from 52-53 weeks to 104+ weeks. Therefore, columns relating to 'No. > 104 weeks' relate to April 21 onwards only.",,,,,,,,,,,,,,,,,,,,,,,,,,,,,,,,,,,,,,,,,,,
,"11. * From Feb-24 data onwards, community service pathways should no longer be reported in RTT datasets  see section 4 of Notes for editors in the RTT statistical press notice for a summary of the impact of this change. ",,,,,,,,,,,,,,,,,,,,,,,,,,,,,,,,,,,,,,,,,,,
